,precision,recall,f1-score,TP,FP,FN
canario_do_amazonas,0.890625,0.9827586206896551,0.9344262295081966,57,7,1
chupim,0.925,0.9487179487179487,0.9367088607594937,37,3,2
rolinha,0.9615384615384616,0.9259259259259259,0.9433962264150944,25,1,2
sanhaco_da_amazonia,0.92,1.0,0.9583333333333334,23,2,0
sanhaco_do_coqueiro,0.875,0.84,0.8571428571428572,21,3,4
